/*
Datos Materiales
*/

INSERT INTO bibliografico VALUES (9788478884452, 'Harry Potter 1', '26-06-1997', 'Libro', 'Harry Potter y la piedra filosofal');
INSERT INTO bibliografico VALUES (9788478884957, 'Harry Potter 2', '02-07-1998', 'Libro', 'Harry Potter y la cámara secreta');
INSERT INTO bibliografico VALUES (9788478885190, 'Harry Potter 3', '08-07-1999', 'Libro', 'Harry Potter y el prisionero de Azkaban');
INSERT INTO bibliografico VALUES (9788478886456, 'Harry Potter 4', '08-07-2000', 'Libro', 'Harry Potter y el cáliz de fuego');
INSERT INTO bibliografico VALUES (9788478887422, 'Harry Potter 5', '21-06-2003', 'Libro', 'Harry Potter y la Orden del Fénix');
INSERT INTO bibliografico VALUES (9788478889907, 'Harry Potter 6', '16-07-2005', 'Libro', 'Harry Potter y el misterio del príncipe');
INSERT INTO bibliografico VALUES (9788498381405, 'Harry Potter 7', '21-07-2007', 'Libro', 'Harry Potter y las Reliquias de la Muerte');

INSERT INTO bibliografico VALUES (9788498675399, 'Los Juegos del Hambre', '14-09-2008', 'Libro', 'Los Juegos del Hambre');
INSERT INTO bibliografico VALUES (9788427200005, 'Los Juegos del Hambre 2', '01-09-2009', 'Libro', 'Los Juegos del Hambre 2 En Llamas');
INSERT INTO bibliografico VALUES (9788427202146, 'Los Juegos del Hambre 3', '24-08-2010', 'Libro', 'Los Juegos del Hambre 3 Sinsajo');

INSERT INTO bibliografico VALUES (9788427201187, 'Divergente', '25-04-2011', 'Libro', 'Divergente (novela)');
INSERT INTO bibliografico VALUES (9788491870562, 'Insurgente', '01-05-2012', 'Libro', 'Insurgente (novela)');
INSERT INTO bibliografico VALUES (9788491870586, 'Leal', '22-10-2013', 'Libro', 'Leal (novela)');

INSERT INTO bibliografico VALUES (00279358, 'National Geographic', '01-10-1888', 'Revista', 'National Geographic Magazine');
INSERT INTO bibliografico VALUES (00280836, 'Nature', '04-09-1869', 'Revista', 'Nature Magazine');
INSERT INTO bibliografico VALUES (00368075, 'Science', '01-03-1880', 'Revista', 'Science Magazine');

/*
Datos Copias
*/
/*Copias 9788478884452*/
INSERT INTO copia VALUES (52001, 'Bueno', '', 'S', 9788478884452);
INSERT INTO copia VALUES (52002, 'Bueno', '', 'S', 9788478884452);
INSERT INTO copia VALUES (52003, 'Regular', '', 'S', 9788478884452);
INSERT INTO copia VALUES (52004, 'Bueno', '', 'S', 9788478884452);
INSERT INTO copia VALUES (52005, 'Bueno', '', 'S', 9788478884452);
INSERT INTO copia VALUES (52006, 'Dañado', '', 'S', 9788478884452);
INSERT INTO copia VALUES (52007, 'Bueno', '', 'S', 9788478884452);
INSERT INTO copia VALUES (52008, 'Bueno', '', 'S', 9788478884452);
INSERT INTO copia VALUES (52009, 'Bueno', '', 'S', 9788478884452);
INSERT INTO copia VALUES (52010, 'Regular', '', 'S', 9788478884452);
INSERT INTO copia VALUES (52011, 'Regular', '', 'S', 9788478884452);
INSERT INTO copia VALUES (52012, 'Bueno', '', 'S', 9788478884452);
INSERT INTO copia VALUES (52013, 'Bueno', '', 'S', 9788478884452);
/*Copias 9788478884957*/
INSERT INTO copia VALUES (57001, 'Bueno', '', 'S', 9788478884957);
INSERT INTO copia VALUES (57002, 'Bueno', '', 'S', 9788478884957);
INSERT INTO copia VALUES (57003, 'Bueno', '', 'S', 9788478884957);
INSERT INTO copia VALUES (57004, 'Regular', '', 'S', 9788478884957);
INSERT INTO copia VALUES (57005, 'Bueno', '', 'S', 9788478884957);
INSERT INTO copia VALUES (57006, 'Regular', '', 'S', 9788478884957);
INSERT INTO copia VALUES (57007, 'Bueno', '', 'S', 9788478884957);
INSERT INTO copia VALUES (57008, 'Dañado', '', 'S', 9788478884957);
INSERT INTO copia VALUES (57009, 'Dañado', '', 'S', 9788478884957);
INSERT INTO copia VALUES (57010, 'Bueno', '', 'S', 9788478884957);
INSERT INTO copia VALUES (57011, 'Regular', '', 'S', 9788478884957);
/*Copias 9788478885190*/
INSERT INTO copia VALUES (90001, 'Bueno', '', 'S', 9788478885190);
INSERT INTO copia VALUES (90002, 'Bueno', '', 'S', 9788478885190);
INSERT INTO copia VALUES (90003, 'Bueno', '', 'S', 9788478885190);
INSERT INTO copia VALUES (90004, 'Regular', '', 'S', 9788478885190);
INSERT INTO copia VALUES (90005, 'Regular', '', 'S', 9788478885190);
INSERT INTO copia VALUES (90006, 'Regular', '', 'S', 9788478885190);
INSERT INTO copia VALUES (90007, 'Bueno', '', 'S', 9788478885190);
INSERT INTO copia VALUES (90008, 'Bueno', '', 'S', 9788478885190);
/*Copias 9788478886456*/
INSERT INTO copia VALUES (56001, 'Bueno', '', 'S', 9788478886456);
INSERT INTO copia VALUES (56002, 'Bueno', '', 'S', 9788478886456);
INSERT INTO copia VALUES (56003, 'Regular', '', 'S', 9788478886456);
INSERT INTO copia VALUES (56004, 'Bueno', '', 'S', 9788478886456);
INSERT INTO copia VALUES (56005, 'Dañado', '', 'S', 9788478886456);
INSERT INTO copia VALUES (56006, 'Dañado', '', 'S', 9788478886456);
/*Copias 9788478887422*/
INSERT INTO copia VALUES (22001, 'Bueno', '', 'S', 9788478887422);
INSERT INTO copia VALUES (22002, 'Bueno', '', 'S', 9788478887422);
INSERT INTO copia VALUES (22003, 'Bueno', '', 'S', 9788478887422);
INSERT INTO copia VALUES (22004, 'Regular', '', 'S', 9788478887422);
INSERT INTO copia VALUES (22005, 'Regular', '', 'S', 9788478887422);
INSERT INTO copia VALUES (22006, 'Bueno', '', 'S', 9788478887422);
INSERT INTO copia VALUES (22007, 'Bueno', '', 'S', 9788478887422);
INSERT INTO copia VALUES (22008, 'Bueno', '', 'S', 9788478887422);
INSERT INTO copia VALUES (22009, 'Regular', '', 'S', 9788478887422);
INSERT INTO copia VALUES (22010, 'Regular', '', 'S', 9788478887422);
INSERT INTO copia VALUES (22011, 'Regular', '', 'S', 9788478887422);
INSERT INTO copia VALUES (22012, 'Regular', '', 'S', 9788478887422);
/*Copias 9788478889907*/
INSERT INTO copia VALUES (07001, 'Bueno', '', 'S', 9788478889907);
INSERT INTO copia VALUES (07002, 'Bueno', '', 'S', 9788478889907);
INSERT INTO copia VALUES (07003, 'Bueno', '', 'S', 9788478889907);
INSERT INTO copia VALUES (07004, 'Dañado', '', 'S', 9788478889907);
INSERT INTO copia VALUES (07005, 'Bueno', '', 'S', 9788478889907);
INSERT INTO copia VALUES (07006, 'Bueno', '', 'S', 9788478889907);
/*Copias 9788498381405*/
INSERT INTO copia VALUES (05001, 'Bueno', '', 'S', 9788498381405);
INSERT INTO copia VALUES (05002, 'Dañado', '', 'S', 9788498381405);
INSERT INTO copia VALUES (05003, 'Bueno', '', 'S', 9788498381405);
INSERT INTO copia VALUES (05004, 'Bueno', '', 'S', 9788498381405);
INSERT INTO copia VALUES (05005, 'Bueno', '', 'S', 9788498381405);
INSERT INTO copia VALUES (05006, 'Bueno', '', 'S', 9788498381405);
INSERT INTO copia VALUES (05007, 'Dañado', '', 'S', 9788498381405);
INSERT INTO copia VALUES (05008, 'Dañado', '', 'S', 9788498381405);
INSERT INTO copia VALUES (05009, 'Regular', '', 'S', 9788498381405);
/*Copias 9788498675399*/
INSERT INTO copia VALUES (99001, 'Bueno', '', 'S', 9788498675399);
INSERT INTO copia VALUES (99002, 'Bueno', '', 'S', 9788498675399);
INSERT INTO copia VALUES (99003, 'Bueno', '', 'S', 9788498675399);
INSERT INTO copia VALUES (99004, 'Bueno', '', 'S', 9788498675399);
INSERT INTO copia VALUES (99005, 'Bueno', '', 'S', 9788498675399);
INSERT INTO copia VALUES (99006, 'Regular', '', 'S', 9788498675399);
INSERT INTO copia VALUES (99007, 'Regular', '', 'S', 9788498675399);
INSERT INTO copia VALUES (99008, 'Bueno', '', 'S', 9788498675399);
INSERT INTO copia VALUES (99009, 'Bueno', '', 'S', 9788498675399);
/*Copias 9788427200005*/
INSERT INTO copia VALUES (05501, 'Bueno', '', 'S', 9788427200005);
INSERT INTO copia VALUES (05502, 'Bueno', '', 'S', 9788427200005);
INSERT INTO copia VALUES (05503, 'Bueno', '', 'S', 9788427200005);
INSERT INTO copia VALUES (05504, 'Regular', '', 'S', 9788427200005);
INSERT INTO copia VALUES (05505, 'Bueno', '', 'S', 9788427200005);
INSERT INTO copia VALUES (05506, 'Bueno', '', 'S', 9788427200005);
INSERT INTO copia VALUES (05507, 'Regular', '', 'S', 9788427200005);
/*Copias 9788427202146*/
INSERT INTO copia VALUES (46001, 'Bueno', '', 'S', 9788427202146);
INSERT INTO copia VALUES (46002, 'Bueno', '', 'S', 9788427202146);
INSERT INTO copia VALUES (46003, 'Bueno', '', 'S', 9788427202146);
INSERT INTO copia VALUES (46004, 'Bueno', '', 'S', 9788427202146);
INSERT INTO copia VALUES (46005, 'Regular', '', 'S', 9788427202146);
INSERT INTO copia VALUES (46006, 'Dañado', '', 'S', 9788427202146);
INSERT INTO copia VALUES (46007, 'Bueno', '', 'S', 9788427202146);
INSERT INTO copia VALUES (46008, 'Bueno', '', 'S', 9788427202146);
/*Copias 9788427201187*/
INSERT INTO copia VALUES (87001, 'Bueno', '', 'S', 9788427201187);
INSERT INTO copia VALUES (87002, 'Bueno', '', 'S', 9788427201187);
INSERT INTO copia VALUES (87003, 'Bueno', '', 'S', 9788427201187);
INSERT INTO copia VALUES (87004, 'Bueno', '', 'S', 9788427201187);
INSERT INTO copia VALUES (87005, 'Regular', '', 'S', 9788427201187);
/*Copias 9788491870562*/
INSERT INTO copia VALUES (62001, 'Bueno', '', 'S', 9788491870562);
INSERT INTO copia VALUES (62002, 'Bueno', '', 'S', 9788491870562);
INSERT INTO copia VALUES (62003, 'Bueno', '', 'S', 9788491870562);
INSERT INTO copia VALUES (62004, 'Bueno', '', 'S', 9788491870562);
INSERT INTO copia VALUES (62005, 'Regular', '', 'S', 9788491870562);
INSERT INTO copia VALUES (62006, 'Regular', '', 'S', 9788491870562);
INSERT INTO copia VALUES (62007, 'Bueno', '', 'S', 9788491870562);
/*Copias 9788491870586*/
INSERT INTO copia VALUES (86001, 'Bueno', '', 'S', 9788491870586);
INSERT INTO copia VALUES (86002, 'Bueno', '', 'S', 9788491870586);
INSERT INTO copia VALUES (86003, 'Bueno', '', 'S', 9788491870586);
INSERT INTO copia VALUES (86004, 'Bueno', '', 'S', 9788491870586);
INSERT INTO copia VALUES (86005, 'Bueno', '', 'S', 9788491870586);
INSERT INTO copia VALUES (86006, 'Bueno', '', 'S', 9788491870586);
INSERT INTO copia VALUES (86007, 'Bueno', '', 'S', 9788491870586);
INSERT INTO copia VALUES (86008, 'Regular', '', 'S', 9788491870586);
INSERT INTO copia VALUES (86009, 'Regular', '', 'S', 9788491870586);
INSERT INTO copia VALUES (86010, 'Regular', '', 'S', 9788491870586);
/*Copias 00279358*/
INSERT INTO copia VALUES (58001, 'Bueno', '', 'S', 00279358);
INSERT INTO copia VALUES (58002, 'Bueno', '', 'S', 00279358);
INSERT INTO copia VALUES (58003, 'Bueno', '', 'S', 00279358);
INSERT INTO copia VALUES (58004, 'Bueno', '', 'S', 00279358);
INSERT INTO copia VALUES (58005, 'Bueno', '', 'S', 00279358);
INSERT INTO copia VALUES (58006, 'Bueno', '', 'S', 00279358);
INSERT INTO copia VALUES (58007, 'Bueno', '', 'S', 00279358);
INSERT INTO copia VALUES (58008, 'Bueno', '', 'S', 00279358);
INSERT INTO copia VALUES (58009, 'Regular', '', 'S', 00279358);
INSERT INTO copia VALUES (58010, 'Bueno', '', 'S', 00279358);
INSERT INTO copia VALUES (58011, 'Bueno', '', 'S', 00279358);
INSERT INTO copia VALUES (58012, 'Bueno', '', 'S', 00279358);
INSERT INTO copia VALUES (58013, 'Bueno', '', 'S', 00279358);
INSERT INTO copia VALUES (58014, 'Bueno', '', 'S', 00279358);
INSERT INTO copia VALUES (58015, 'Regular', '', 'S', 00279358);
INSERT INTO copia VALUES (58016, 'Bueno', '', 'S', 00279358);
INSERT INTO copia VALUES (58017, 'Bueno', '', 'S', 00279358);
/*Copias 00280836*/
INSERT INTO copia VALUES (36001, 'Bueno', '', 'S', 00280836);
INSERT INTO copia VALUES (36002, 'Bueno', '', 'S', 00280836);
INSERT INTO copia VALUES (36003, 'Bueno', '', 'S', 00280836);
INSERT INTO copia VALUES (36004, 'Bueno', '', 'S', 00280836);
INSERT INTO copia VALUES (36005, 'Bueno', '', 'S', 00280836);
INSERT INTO copia VALUES (36006, 'Regular', '', 'S', 00280836);
INSERT INTO copia VALUES (36007, 'Bueno', '', 'S', 00280836);
INSERT INTO copia VALUES (36008, 'Regular', '', 'S', 00280836);
INSERT INTO copia VALUES (36009, 'Bueno', '', 'S', 00280836);
/*Copias 00368075*/
INSERT INTO copia VALUES (75001, 'Bueno', '', 'S', 00368075);
INSERT INTO copia VALUES (75002, 'Bueno', '', 'S', 00368075);
INSERT INTO copia VALUES (75003, 'Bueno', '', 'S', 00368075);
INSERT INTO copia VALUES (75004, 'Bueno', '', 'S', 00368075);
INSERT INTO copia VALUES (75005, 'Bueno', '', 'S', 00368075);
INSERT INTO copia VALUES (75006, 'Bueno', '', 'S', 00368075);
INSERT INTO copia VALUES (75007, 'Bueno', '', 'S', 00368075);
INSERT INTO copia VALUES (75008, 'Regular', '', 'S', 00368075);
INSERT INTO copia VALUES (75009, 'Regular', '', 'S', 00368075);
INSERT INTO copia VALUES (75010, 'Bueno', '', 'S', 00368075);
INSERT INTO copia VALUES (75011, 'Bueno', '', 'S', 00368075);
INSERT INTO copia VALUES (75012, 'Bueno', '', 'S', 00368075);

/*
Datos Estudiantes
*/

INSERT INTO estudiante VALUES  (1597536842, 'Nicolas', 'Ladino', 1032959647, 'CC', '05/09/1996', 'M', 'A');
INSERT INTO estudiante VALUES  (1472583695, 'Luigi', 'Rojas', 159357, 'CE', '28/02/1997', 'M', 'A');
INSERT INTO estudiante VALUES  (1237894562, 'Juan', 'Guerrero', 9911077686, 'TI', '07/11/1999', 'M', 'I');
INSERT INTO estudiante VALUES  (1283274968, 'Laura', 'Castillo', 1026874369, 'CC', '15/03/1990', 'F', 'I');
INSERT INTO estudiante VALUES  (1673925864, 'Jose', 'Perez', 178932, 'CE', '16/04/1997', 'M', 'A');
INSERT INTO estudiante VALUES  (1973846529, 'Maria', 'Romero', 156487, 'CE', '17/03/1998', 'F', 'I');
INSERT INTO estudiante VALUES  (1759823465, 'Jessica', 'Pinto', 9809055348, 'TI', '05/09/1998', 'F', 'A');
INSERT INTO estudiante VALUES  (1332896574, 'Daniela', 'Guitierrez', 1000924878, 'CC', '12/10/1994', 'F', 'A');
INSERT INTO estudiante VALUES  (1072768945, 'Frank', 'Leon', 1025739850, 'CC', '06/03/2000', 'M', 'I');
INSERT INTO estudiante VALUES  (1180456820, 'Ben', 'Naranjo', 1097683249, 'CC', '04/08/1997', 'M', 'A');
INSERT INTO estudiante VALUES  (1740863208, 'Michael', 'Corleone', 1038794024, 'TI', '02/01/1995', 'M', 'A');
INSERT INTO estudiante VALUES  (1895400785, 'Paola', 'Hernandez', 1289634578, 'CC', '01/06/1992', 'F', 'I');
INSERT INTO estudiante VALUES  (1072868945, 'Pedro', 'Jaramillo', 1472583690, 'TI', '30/10/1999', 'M', 'I');
INSERT INTO estudiante VALUES  (1080456820, 'Vicky', 'Buitrago', 1018964735, 'TI', '30/03/1997', 'F', 'I');
INSERT INTO estudiante VALUES  (1288144695, 'Miguel', 'Castaño', 1026875340, 'CC', '27/08/1994', 'M', 'A');

INSERT INTO estudiante VALUES (2017102049, 'Daniel', 'Montiel', 1013693586, 'CC', '30-12-1999', 'M', 'A');
